word,label
suspicion,1
assisting,1
offender,1
authorities,0
should,0
annul,0
the,0
amnesty,1
for,1
illegal,1
immigrants,1
reinstatement,1
military,1
draft,1
people,1
board,1
evolved,1
same,1
behaviour,1
moiety,1
ligate,1
address,1
blocked,1
expatriates,1
particularly,1
that,1
stands,1
contains,1
information,1
prospect,1
bound,1
decisions,1
nailed,1
his,1
scrotum,1
ytong,1
aerated,1
concrete,1
leaf,1
bark,1
off,1
trees,1
sole,1
turning,1
point,1
emotion,1
and,1
aggression,1
pair,1
knuckle,1
frame,1
repentant,1
rededicated,1
defending,1
themselves,1
collapsed,1
property,1
sector,1
kremlindominated,1
media,1
young,1
surface,1
corrupt,1
plutocrats,1
clarinet,1
concerto,1
quintet,1
vehicle,1
rolled,1
over,1
murder,1
successive,1
waves,1
fatally,1
injured,1
domestic,1
disturbance,1
ballot,1
stuffing,1
pool,1
report,1
life,1
threatening,1
convertible,1
bond,1
spring,1
offensive,1
assets,1
freeze,1
toxic,1
financial,1
cushion,1
sledge,1
hammers,1
forensic,1
technical,1
examination,1
big,1
bang,1
solution,1
safe,1
haven,1
bad,1
eurozone,1
bailout,1
fund,1
diffuse,1
axonal,1
injury,1
low,1
flying,1
jumbo,1
jet,1
major,1
real,1
estate,1
antitrust,1
issues,1
lesser,1
extent,1
higher,1
proportion,1
republican,1
senators,1
exclusive,1
economic,1
zone,1
alawite,1
sect,1
operation,1
atlantic,1
resolve,1
birther,1
king,1
emirate,1
abu,1
dhabi,1
voruzhonnije,1
síly,1
rossíyskoj,1
federátsii,1
chapel,1
nuestra,1
señora,1
del,1
rosario,1
formica,1
fusca,1
beauveria,1
bassiana,1
squadron,1
leader,1
dammar,1
gum,1
vice,1
presidentelect,1
state,1
shock,1
tide,1
has,1
turned,1
crimes,1
against,1
humanity,1
brothers,1
arms,1
conflict,1
interest,1
quacks,1
like,1
duck,1
spiking,1
football,1
route,1
under,1
lockdown,1
stake,1
behalf,1
without,1
exception,1
shore,1
winding,1
down,1
give,1
offered,1
sympathies,1
violating,1
threerevert,1
rule,1
flexed,1
their,1
muscles,1
such,1
this,1
end,1
regardless,1
laced,1
with,1
billed,1
horror,1
cover,1
underwent,1
surgery,1
nato,1
summit,1
combat,1
mission,1
security,1
capabilities,1
leading,1
shares,1
dispatch,1
records,1
electronic,1
surveillance,1
measures,1
bubble,1
violence,1
ships,1
farewell,1
meetings,1
clampdown,1
construction,1
troops,1
monitors,1
euro,1
crisis,1
welfare,1
investigators,1
symbolic,1
visit,1
televised,1
door,1
step,1
opposition,1
activists,1
peace,1
plan,1
envoy,1
warning,1
shots,1
preliminary,1
results,1
parliamentary,1
elections,1
plane,1
forces,1
news,1
conference,1
bare,1
hands,1
political,1
daily,0
thoughts,0
signing,0
table,0
conspiracy,1
theories,1
premiers,1
video,1
footage,1
predatory,1
behavior,1
contract,1
extension,1
asylum,1
team,1
mate,1
payroll,1
gains,1
single,0
market,0
survival,1
analysis,1
players,1
basal,1
avialans,1
lossy,1
compression,1
binary,1
system,1
aesthetic,1
values,1
spectral,1
class,1
reference,1
service,1
mating,1
season,1
supply,1
chain,1
management,1
tail,1
horn,1
prop,1
pieces,1
spacelaunch,1
vehicles,1
obscene,1
language,1
sock,1
account,1
sea,0
level,0
database,0
systems,0
greek,0
mythological,0
character,0
eflat,1
print,1
shop,1
administrative,1
units,1
physical,1
effects,1
coordination,1
compounds,1
farm,1
following,0
year,0
strategic,1
partnership,1
visa,1
ban,1
forecasts,1
segregation,1
metalcontaining,1
critical,1
condition,1
psychological,1
warfare,1
inconclusive,1
bloodshed,1
crushing,1
alqaeda,1
spokesman,1
blow,1
stilltroubled,1
banks,1
definitive,1
cleanup,1
framework,1
tried,1
detain,1
herald,1
ranged,0
age,0
debate,0
raged,0
annual,0
defiance,0
obama,0
will,0
hard,0
pressed,0
convince,0
shouts,0
yells,0
emanating,0
apparently,1
abandoned,1
painful,1
performances,1
first,1
evidence,1
gap,1
between,1
scientists,1
had,1
been,1
housed,1
statement,1
loudspeakers,0
broadcasting,0
propaganda,0
selfmedicate,0
standing,0
behind,0
local,1
morgue,1
bog,1
functions,1
systemic,1
lender,1
robust,1
action,1
broader,1
embassy,1
headquarters,1
slightest,1
doubt,1
philippine,1
warship,1
providing,1
patrols,1
continuous,1
broods,1
decorative,1
roundabouts,1
abusive,1
users,1
formula,1
racing,1
violin,1
sonatas,1
lithographed,1
poster,1
luxurious,1
colonialstyle,1
teenage,0
daughter,0
compound,0
housing,0
independently,1
verify,1
deeply,0
uncertain,0
penalty,1
defendants,1
officially,1
announced,1
terms,1
candidate,1
perfectly,1
proper,1
right,1
afghanistan,1
syria,1
bangladesh,1
gag,1
intimidate,1
stability,0
prosperity,0
development,0
wake,1
space,1
coast,1
syrian,1
observatory,1
human,1
rights,1
hamid,1
karzai,1
bashar,1
alassad,1
council,1
foreign,1
relations,1
pyotr,1
pavlensky,1
federal,1
reserve,1
cliff,1
richard,1
high,0
court,0
vladimir,0
putin,0
maldives,0
civil,0
aviation,0
authority,0
mark,0
meadows,0
election,1
commission,1
deputy,1
chief,1
hcso,1
epidexipteryx,1
hui,1
francisco,1
albán,1
agustín,1
herrán,1
matorras,1
tour,1
scènes,1
tru,1
davies,1
circuit,1
park,1
zandvoort,1
matrix,1
trilogy,1
germany,1
blek,1
rat,1
canary,1
islands,1
niagara,1
university,1
law,1
customs,1
union,1
presumptive,1
presidential,1
nominee,1
fiscal,1
challenges,1
decadelong,1
stateowned,0
ria,0
novosti,0
agency,0
interior,0
ministry,0
original,0
six,0
teams,0
sound,1
loans,1
severely,1
restricted,1
access,1
plunged,1
minatory,1
fishing,1
vessel,1
sluggish,0
wage,0
growth,0
heavily,0
secured,0
windows,1
second,1
tier,1
incident,1
logs,1
ice,0
hockey,0
player,0
professional,1
forward,1
monitoring,1
burst,1
sense,1
honor,1
anonymity,1
not,1
drill,1
lamb,1
slaughter,1
close,1
deal,1
throwing,1
into,1
challenge,1
exclusion,1
conduct,0
inspection,0
pending,1
further,1
enquiries,1
taking,0
care,0
charge,1
response,1
morph,1
moved,0
out,0
named,1
after,1
wash,0
woke,1
set,1
aside,1
receiving,1
bribes,1
provide,1
import,1
exports,1
dismissed,1
allegations,1
unusually,1
sustained,1
thumbsup,1
clapped,1
independent,1
audit,1
lending,1
issued,1
twice,1
congress,1
our,1
stand,1
increasingly,1
difficult,1
reported,0
shelling,0
encourage,0
implementation,0
accounts,0
emphatically,0
bringing,0
perfection,0
custody,0
police,0
trial,1
accused,1
instead,0
listening,0
demands,0
stimulating,0
threatens,0
interests,0
vaguely,1
neoclassicallooking,1
molars,1
emerge,1
best,1
supporting,1
coffee,1
dotting,1
landscape,1
lead,1
ahead,1
proputin,1
gathering,1
intense,1
clashes,1
relentless,1
repression,1
dissidents,1
revolt,1
erupted,1
fighting,1
flared,1
planned,1
new,1
location,1
attempt,1
strongly,1
overshadowed,1
arriving,0
deputies,0
revered,0
place,0
appreciate,0
freedom,0
are,0
scheduled,0
nationalisation,0
other,0
worse,0
problems,0
government,0
announcements,0
severe,1
famine,1
comfortable,1
process,1
affluent,1
businesspeople,1
obvious,1
connection,1
swift,1
content,1
egotistic,1
thought,0
have,0
started,0
unusual,1
vertebrae,1
moreevolved,1
stars,1
absence,1
lithium,1
brahman,1
atman,1
hives,0
unmolested,0
newest,1
entrant,1
valuable,1
patents,1
tragically,1
killed,1
registered,1
investors,1
obliging,1
voterigging,1
recently,1
built,1
who,1
sought,1
were,0
detained,0
say,0
mother,0
shot,0
them,0
pursued,0
palestinian,0
standoff,1
ensued,1
trigger,1
prompted,1
tentatively,1
ascribed,1
discovered,0
appropriate,1
properly,1
brief,1
reason,1
constitutional,1
internees,1
dictators,1
organisers,0
pledged,0
interrupts,0
agriculture,0
steep,1
fall,1
deadly,0
serious,0
wounding,0
profoundly,1
incoherent,1
initial,1
drafts,1
perpetually,1
skittish,1
permanent,1
return,1
prokremlin,1
youth,1
monthold,0
ceasefire,0
updates,1
adequate,1
deployed,0
announce,0
collapsing,0
craven,1
politics,1
emirati,1
nationals,1
approval,1
staffers,1
reckless,1
mucha,1
style,1
knock,1
suffer,0
unnecessarily,0
recapitalize,0
evolve,1
specific,1
resistances,1
prioritize,0
prevention,0
rather,0
than,0
legacy,0
breached,0
back,0
left,0
afghans,0
protests,1
brink,1
historically,1
levels,1
conical,1
shape,1
ties,1
help,1
nyse,1
mot,1
israeli,1
large,0
casinos,0
sweeping,1
hired,1
muscle,1
fault,1
line,1
live,1
patrol,1
car,1
dark,1
cloud,1
sharp,1
resistance,1
rebel,1
commander,1
ethnic,1
groups,1
executive,1
defense,1
budgets,1
trans,1
woman,1
tree,1
stumps,1
food,1
pellets,1
monsoon,1
engineer,1
modular,1
design,1
final,1
revision,1
firmware,1
update,1
brown,1
dwarf,1
degenerate,1
star,1
gesture,1
pact,1
measure,1
shrapnel,1
wounds,1
parent,1
company,1
debt,1
long,1
suicide,1
bombers,1
street,1
battles,1
front,0
yard,0
tablet,0
computers,0
rates,1
procedural,1
natural,1
justice,1
protest,1
classes,1
mean,1
detectors,1
accession,0
disturbances,1
fraud,1
experts,1
bank,1
vote,1
impact,1
crater,1
penitentiary,1
wartime,1
pulmonary,1
edema,1
staging,1
post,1
hydroiodic,1
acid,1
lyric,1
poets,1
slot,1
machines,1
arsenic,1
trioxide,1
paravian,1
dinosaur,1
involuntary,1
manslaughter,1
reticular,1
formation,1
support,0
bases,0
holding,1
companies,1
punk,1
rock,1
band,1
treaty,1
home,1
secretary,1
hydrogen,1
peroxide,1
swat,1
highest,1
civilian,1
karma,1
anxious,1
scrutiny,1
smartphone,1
manufactures,1
armed,1
rebels,1
war,1
handset,1
broad,1
reforms,1
activity,0
control,1
extreme,0
altitudes,0
hungarian,0
american,0
above,0
ground,0
portfolios,1
motion,1
picture,1
industry,1
gregorio,1
pilar,1
european,1
scarborough,1
shoal,1
pussy,0
riot,0
social,0
popular,0
assembly,0
borussia,0
dortmund,0
niklas,0
süle,0
soul,1
survivors,1
académie,0
colarossi,0
abbas,1
allaham,1
party,1
boko,1
haram,1
militant,1
group,1
affordable,1
act,1
vestmanlands,0
läns,0
tidning,0
acherontia,1
atropos,1
cosmic,1
spirit,1
vertebrate,1
paleontology,1
royal,1
opera,1
house,1
kuiper,1
belt,1
kaafu,1
atoll,1
medal,0
southern,1
hemisphere,1
french,1
occupation,1
pleiades,0
cluster,0
minister,1
antonin,1
scalia,1
banyan,1
vabbinfaru,1
russian,1
journalists,1
companion,1
order,1
australia,1
moraes,0
damascus,1
regime,1
resort,1
islamic,1
maghreb,1
fragile,1
touched,1
chinese,1
vessels,1
julian,1
several,1
affiliate,0
almourabitoun,0
elemental,0
iodine,0
downplayed,1
reduced,1
majority,1
brokered,1
exposure,1
restive,1
homs,1
province,1
boost,1
according,0
antisoviet,1
militia,1
problematic,1
unbacked,1
gravity,0
situation,0
lost,0
track,0
days,0
fallen,1
bridge,1
sections,1
take,1
sinn,1
fein,1
councillor,1
middle,1
night,1
force,1
feed,1
cracked,1
hung,1
around,1
staying,1
put,1
thus,1
far,1
owing,0
respect,0
privacy,0
extend,1
credit,1
regulatory,1
hurdle,1
potential,1
fallout,1
drastic,1
holdout,1
anxiety,1
maritime,1
complex,1
web,1
trim,1
deficit,1
heavyhanded,1
meddling,1
funding,1
predawn,1
darkness,1
shattered,1
entrance,1
occurred,1
grisly,1
rebelheld,1
city,1
integral,1
part,1
lastminute,1
talks,1
regularly,1
overnight,1
numerous,1
famed,1
nominal,1
motorola,1
devices,1
inadequate,1
supervision,1
staff,1
expected,1
travel,1
poll,1
was,1
marred,1
purposes,1
next,1
wave,1
diplomats,1
illegally,1
collected,1
milestone,1
sovereign,1
strategy,1
slash,1
begging,1
grant,1
credibility,1
subject,1
remains,1
firmly,1
failure,1
intelligence,1
occasions,1
cash,1
cancerrelated,1
complications,1
militants,1
detonated,1
crushed,1
maimed,1
tens,1
thousands,1
more,1
era,1
immediate,1
closed,1
unchanged,1
absent,1
warzone,1
trip,1
ouster,0
society,0
another,0
round,0
sanctions,0
being,0
awoken,0
sailed,0
tensions,0
stemming,0
sort,0
capital,0
present,0
credentials,0
unleashing,0
gunmen,0
scandalmarred,0
boycotted,0
polls,0
resonate,0
neighboring,0
states,0
stunned,0
economy,0
brutally,0
unannounced,0
warily,0
saluted,0
jargonfree,1
communication,1
late,1
portion,1
acknowledged,1
wrongdoing,1
concentration,1
hacked,1
servers,1
ironclad,1
commitment,1
antipyongyang,1
allege,1
violations,1
corruption,1
ninthplace,1
finish,1
pit,1
bianchi,1
collided,1
warm,1
relationship,1
unsuccessfully,1
varied,1
intake,1
eighth,1
participant,1
parasite,1
pressure,1
lorry,1
conducted,1
experiment,1
blind,1
chicken,1
stowaways,1
steady,1
leaks,1
secrets,1
drilled,1
tunnel,1
previous,1
foray,1
raw,1
presence,1
condolences,1
bereaved,1
bundesliga,0
appearances,0
international,0
condemned,0
vanishing,0
investigatory,0
echoed,0
legalise,0
samesex,0
intensively,0
bite,0
consultant,0
subversive,1
epigrams,1
distinctive,1
assemblages,1
linguistic,1
peculiarities,1
curved,1
claws,1
object,1
coastal,1
humidity,1
unique,1
lacked,1
remiges,1
gradual,1
accumulation,1
intermediate,1
czech,1
pronunciation,1
lower,1
ceo,1
throughout,1
arrangement,1
description,1
turkish,1
معمار,1
سينان,1
race,1
meeting,1
hang,1
concerning,1
copper,0
afghan,1
airspace,1
necessary,1
provisions,1
middletier,1
software,1
coordinated,1
assaults,1
undisclosed,1
ongoing,1
chaos,1
shooting,1
strain,1
fungus,1
aerosol,1
boom,1
choose,0
time,0
appealed,0
anyone,0
vampire,1
slayer,1
diplomatic,1
wider,1
community,1
disputed,1
area,1
extremist,1
threat,1
ship,1
official,1
apologies,1
eastern,0
outskirts,0
regulations,1
prey,0
pursuit,0
flashpoint,1
areas,1
nonnato,1
ally,1
secondtier,1
broadband,1
communications,1
infrastructure,1
troop,0
troubled,1
shuttle,1
launches,1
amounts,0
coral,0
uprising,1
peter,0
doskozil,0
institute,0
shillong,0
guild,1
award,1
ceased,0
strike,0
abuse,1
investments,1
filing,1
cleansing,1
legal,1
disputes,1
rocketpropelled,1
grenades,1
wealth,1
ruling,1
elite,1
death,1
toll,1
missions,1
operating,1
internet,1
search,1
giant,1
nextdoor,1
neighbour,1
bomber,1
observers,1
bonds,1
unemployment,1
rate,1
seats,1
aid,1
conservative,1
centreright,0
observer,1
bias,1
postdoctoral,1
research,1
border,1
fence,1
attorney,1
general,1
inaugural,1
member,1
data,1
winning,1
goal,1
shoulder,1
workers,1
unit,1
lines,0
missionary,1
work,1
solar,1
masses,1
science,1
fiction,1
graphic,1
designer,1
prime,1
publishing,1
comic,1
theater,1
wikipedia,1
admins,1
string,1
quartet,1
shared,1
underground,1
chamber,1
indigenous,0
australians,0
organic,0
beauty,0
hydrogenburning,0
limit,0
one,0
prison,1
squid,1
tentacles,1
user,1
talk,1
page,1
grand,1
cordon,1
prix,1
world,1
champions,1
third,1
country,1
markets,1
sources,1
periaqueductal,1
gray,1
edit,1
warring,1
organometallic,1
sixth,1
chord,1
ethical,1
considerations,1
individual,1
mandate,1
nitrogen,1
atoms,1
bomb,1
premier,1
census,1
dwarfs,0
height,1
luis,0
guindos,0
ballyfermot,0
zabiullah,0
mujahid,0
indian,1
motorway,1
joaquim,1
bosch,1
anastasia,1
slonina,1
colin,1
powell,1
médecins,1
sans,1
frontières,1
polish,1
primeiro,1
comando,1
uefa,1
league,1
kaesong,1
industrial,1
region,1
fehendhoo,1
island,1
tomasz,1
szatkowski,1
pongsak,0
semachai,0
green,0
siiri,0
fuchs,0
mitch,0
daniels,0
john,0
mccain,0
manchester,1
phoenix,1
eppan,1
pirats,1
internorm,1
stanley,1
cup,1
tamil,1
month,1
karthikai,1
ayya,1
vaikundar,1
seoul,1
games,1
aldeburgh,1
festival,1
code,1
zoological,1
nomenclature,1
stadium,1
acf,1
fiorentina,1
yolngu,0
petition,0
torres,0
strait,0
las,0
vegas,0
lieutenantgovernor,0
tasmania,0
india,1
historic,1
centre,1
quito,1
club,1
pustertalval,1
pusteria,1
exposition,1
universelle,1
moesian,0
adjustment,1
balance,1
sheets,1
lifting,1
immunity,1
highquality,1
holder,1
establish,0
cause,0
surge,1
rising,1
discontent,1
ink,0
portray,0
calls,0
pulled,1
chlorin,0
ring,0
chlorophyll,0
narrow,1
window,1
opportunity,1
minority,0
offshoot,0
negotiating,0
trade,0
deals,0
conjure,0
dawn,0
public,0
marketbased,1
health,1
oil,1
exploration,1
endangered,1
marine,1
species,1
banking,1
reform,1
plans,1
hitting,1
silver,1
saloon,1
harvesting,0
see,0
light,0
day,0
horizon,0
complaint,1
winds,1
faced,1
ruled,1
tore,1
apart,1
chopped,1
beating,1
struck,1
aired,0
heart,1
base,1
from,1
certain,1
come,1
full,1
circle,1
claim,1
sovereignty,1
admitted,1
practice,1
went,1
effect,1
hand,1
inked,1
drawn,0
some,0
flak,0
smashed,1
through,1
run,1
cut,1
earnest,1
switched,1
sides,1
swollen,1
indisputable,1
targets,1
rallies,1
agreement,1
contingent,1
convertibles,1
stark,1
reminder,1
compassionate,1
grounds,1
verified,1
monitor,1
intermittent,1
stepped,1
murderous,1
rampage,1
station,1
wagon,1
downturn,1
facing,1
demonstrations,1
technically,1
examined,1
fleeting,1
unity,1
bust,1
formally,1
identified,1
twin,1
narratives,1
note,1
cabinet,1
carriers,1
armored,1
craft,1
personnel,1
rally,1
normal,1
stuff,1
analyst,1
sheet,1
exploit,1
boards,1
falsifications,1
worsening,1
crippling,1
boarding,1
gaping,1
hole,1
undergone,1
false,1
voter,1
rolls,1
disparate,1
dead,1
recovery,1
fire,1
sale,1
attackers,1
patent,1
fights,1
profile,1
bracing,1
itself,1
show,1
attacker,1
competition,1
arrangements,1
torching,1
homes,1
successful,1
conclusion,1
mortar,1
explosions,1
ballotbox,1
benchmark,1
spanish,1
guarded,1
dived,1
increased,1
fate,1
islamist,1
activist,1
burqas,1
scandalhit,1
salient,1
outcrops,1
summoned,1
assistance,1
sectarian,1
rivalries,1
residential,1
neighborhood,1
briefly,1
celebrated,1
case,1
dripping,1
red,1
well,1
preserved,1
battery,1
guns,1
problem,1
haqqani,1
network,1
atmosphere,1
tough,1
highrise,1
building,1
assetmanagement,1
firms,1
flashpoints,1
sunni,1
closing,1
worst,1
atrocities,1
confidence,1
compelling,1
experiences,1
corals,1
neighbouring,1
highinterest,1
free,1
open,1
investigation,1
cleanups,1
borrowing,1
costs,1
offmessage,1
national,1
expert,1
preparations,1
spending,1
cuts,1
guidelines,1
competing,1
territorial,1
claims,1
rentals,1
officer,1
asset,1
mangled,1
bodies,1
highprofile,1
visits,1
satellite,1
phone,1
vicious,1
reelection,1
campaign,1
determination,1
hardware,1
manufacturer,1
tightening,1
barren,1
defaults,1
rise,1
figure,1
secure,1
future,1
setting,1
highlights,1
tiring,1
heading,1
prosyrian,1
parties,1
lcc,1
decade,1
released,1
unconditionally,1
register,1
gun,1
escalates,1
text,1
message,1
fiercely,1
contested,1
peaceful,1
triggering,1
threatened,1
rulesbased,1
navy,1
frontier,1
counterterrorism,1
arrested,1
friendly,1
soraya,1
saenz,1
santamaria,1
rental,1
given,1
goahead,1
clearly,1
flew,1
wall,1
supporters,1
united,1
russia,1
affairs,1
resume,1
sagging,1
discovery,1
bidston,1
hill,1
teens,1
lighting,1
fireworks,1
composing,1
himself,1
punching,1
walls,1
manned,0
conscripts,0
brutal,1
reports,1
indignation,1
holdings,1
staking,1
its,1
falling,1
look,1
attack,1
potentially,1
keep,1
most,1
wanted,1
men,1
moments,1
later,1
selfinflicted,1
gunshot,1
wound,1
safety,1
solutions,1
dominant,1
engine,1
online,1
advertising,1
platforms,1
called,1
officers,1
blasts,1
stocks,1
tumbled,1
massive,1
send,1
speech,1
department,1
auditing,1
demand,1
historical,1
europe,1
spiro,1
going,1
vowed,1
heavy,1
kicked,1
punched,1
drawing,1
partners,1
involving,1
ending,1
lightning,1
bellaghy,1
parish,1
priest,1
coming,1
abroad,1
deir,1
azzour,1
overall,1
insurgent,1
mount,1
raids,1
crime,1
suite,1
across,1
multiple,1
homicide,1
revamped,1
prior,1
myriad,1
daylight,1
disputing,1
ownership,1
muted,1
blew,1
hearts,1
exchanged,1
gunfire,1
scene,1
android,1
gurkha,1
guard,1
launched,1
qaeda,1
monetary,1
saddled,1
fired,1
shocked,1
traumatised,1
task,1
previously,1
responded,1
jaxs,1
johnson,1
lengthy,1
costly,1
extra,1
longawaited,1
compact,1
olli,1
rehn,1
soldiers,1
diplomat,1
believed,1
random,1
soviet,1
acquire,1
couple,1
destabilises,1
politicizing,1
somewhat,0
somber,0
tone,0
easily,0
trouble,0
smoothly,0
withdrawal,0
iraq,0
backdrop,0
they,0
trauma,0
hangover,0
erring,0
fishermen,0
remained,0
claimed,0
responsibility,0
walked,0
grew,0
authoritarian,0
issue,0
incentivise,0
offload,0
destabilizes,0
drive,0
pretty,0
acceptable,0
made,0
appealing,0
outlining,0
leave,0
angry,0
protesters,0
stormed,0
complete,0
transparency,0
aggressive,0
acts,0
forefront,0
then,0
heard,0
earlier,0
ends,0
wireline,0
digital,0
unpopular,0
bring,0
taliban,0
battle,0
anchored,0
overspending,0
regional,0
governments,0
crash,0
surged,0
wirelessequipment,0
insurgents,0
pushed,0
andy,0
dolan,0
governing,0
antimonopoly,0
bureau,0
leapt,0
promise,0
stay,0
deserters,0
girl,0
marked,0
alighting,0
joined,0
rigging,0
shaken,0
filipino,0
sailors,0
pits,0
residents,0
refugees,0
all,0
approvals,0
fsa,0
whose,0
fighters,0
violent,0
crackdown,0
fortified,0
guesthouse,0
taken,0
refuge,0
recession,0
appeal,0
touted,0
seal,0
raid,0
foes,0
her,0
retreating,0
disguised,0
women,0
representative,0
little,0
concern,0
reputation,0
failsafe,1
mechanism,1
blood,1
sampling,1
internal,1
scentbased,1
rehabilitation,1
therapy,1
tag,1
discredited,1
pledge,1
logging,1
sites,1
healing,1
substances,1
expressly,1
forbidden,1
corrosive,1
elements,1
paneuropean,1
schemes,1
reduction,1
foraging,1
arena,1
legislation,1
repealing,1
congressional,1
workings,1
considerable,1
unease,1
enforcement,1
token,1
sympathy,1
lastditch,1
tactic,1
intensive,1
hunger,1
status,1
aphid,1
honeydew,1
paladin,1
artillery,1
missile,1
man,1
straw,1
power,1
immigrant,1
sets,1
experimental,1
setups,1
representation,1
sevenrace,1
electoral,1
success,1
passengers,1
cold,1
debris,1
duly,1
dispatched,1
subsequent,1
release,1
mourning,1
membership,1
preestablished,1
objective,1
criteria,1
detrimental,1
great,1
uncle,1
handicapped,1
bay,1
dehydration,1
concerted,1
effort,1
caution,1
flag,1
scandal,1
rape,1
charges,1
insurance,1
laboratory,1
mice,1
pounce,1
mixed,1
dutch,1
winger,1
fungusgrowing,1
termites,1
fundamental,1
picturesque,1
routine,1
document,1
wartorn,1
apparent,1
antiimmigration,1
stigmatize,1
attempted,1
cctv,1
foot,1
champ,1
driver,1
selfmedicating,1
insects,1
lion,1
history,1
nomination,1
related,1
appeared,1
headed,1
transport,1
crossed,1
dangerous,1
driving,1
discussions,1
regarding,1
refuted,1
north,1
sumatra,1
victims,1
probe,1
suzuka,1
defence,1
currently,1
running,1
tests,1
agencies,1
obligation,1
encouraging,1
findings,1
thaw,1
perennial,1
rounds,1
applying,1
brexit,1
negotiationswithout,1
alleged,1
shooter,1
commissioner,1
revenue,1
opinion,1
event,1
seek,1
criminal,1
threaten,1
showy,1
profundities,1
marriage,1
tax,1
tourism,1
maximum,1
khader,1
adnan,1
deterioration,1
noneu,1
countries,1
employment,1
biologist,1
nick,1
bos,1
outlet,1
gang,1
members,1
dfbpokal,1
titles,1
signings,1
testing,1
knowing,1
you,1
livable,1
planet,1
earth,1
ear,1
lobe,1
walking,1
indiana,1
governor,1
unification,1
deployment,1
factor,1
destabilising,1
abuses,1
immediately,1
malaysia,1
airlines,1
supreme,1
feeding,1
apache,1
helicopter,1
bruno,1
roux,1
pocket,1
weakness,1
hike,1
improvement,1
gujarat,1
quota,1
reactive,1
oxygen,1
technician,1
tragedy,1
alert,1
replacement,1
representatives,1
smuggling,1
nasa,1
astronaut,1
thenpresidential,1
intervention,1
exercises,1
hyza,1
nose,1
cone,1
otto,0
pérez,0
psychopath,0
rapist,0
kevin,0
mccarthy,0
bill,0
shortly,0
takeoff,0
revealed,0
assist,0
thai,0
convoy,0
democracy,0
spokesperson,0
criminalize,0
vester,0
lee,0
flanagan,0
tractor,0
crane,0
widespread,0
think,0
phenomenon,0
pictured,0
together,0
harbor,0
expectations,0
crew,0
said,0
flight,0
snapped,0
photo,0
sometimes,0
feeling,0
bradley,0
motorcyclist,0
broken,0
damage,0
detainees,0
jeopardising,0
bumble,0
bees,0
stealing,0
antiship,0
bastion,0
equipment,0
beata,0
szydło,0
impose,0
fine,0
seventeen,0
candidates,0
replaced,0
baht,0
hit,0
wikinews,0
interviews,0
beheaded,0
dismembered,0
basically,0
colonies,0
emission,0
wavelength,0
entailing,0
helsinki,0
mans,0
wrapped,0
associated,0
controlled,0
quell,0
serial,0
number,0
cernan,0
worked,0
ambitions,0
things,0
humankind,0
die,0
isolation,0
george,0
pataki,0
johnny,0
isakson,0
bruck,0
der,0
leitha,0
undersecretary,0
alexei,0
mechkov,0
recent,0
stint,0
aqua,1
vitae,1
thermonuclear,1
fusion,1
orbitals,1
cultural,1
contexts,1
suction,1
cups,1
proxy,1
incontrovertible,1
substellar,1
symphonic,1
literature,1
trypanosome,1
infections,1
calder,1
memorial,1
trophy,1
enterprise,1
resource,1
planning,1
deck,1
numeral,1
fashionable,1
stylistic,1
form,1
dissolved,1
peat,1
tannins,1
make,1
cobaltmethyl,1
photocopier,1
kauri,1
copal,1
checkuser,1
tool,1
artist,1
stencilling,1
technique,1
neapolitan,1
aerospace,1
engineering,1
error,1
codes,1
rachis,1
vanes,1
coppa,1
italia,1
guerrilla,1
metropolitan,1
cathedral,1
treelined,1
avenues,1
pivotal,1
role,1
flatworm,1
art,1
nouveau,1
marcus,1
aemilius,1
aemilianus,1
augustus,1
multisport,1
satanic,1
game,1
various,1
sphagnum,1
moss,1
sculptors,1
auctioneers,1
subcontinent,1
atmospheric,1
advanced,1
audio,1
coding,1
jubilee,1
hall,1
relational,1
decoration,1
casino,1
architectural,1
marvels,1
margin,1
partial,1
skeleton,1
rna,1
polymerase,1
significant,1
aboriginal,1
baroque,1
piece,1
oases,1
dotted,1
arab,1
emirates,1
longstanding,1
tradition,1
genus,1
trematodes,1
tsarskoye,1
selo,1
cameron,1
gallery,1
robes,1
saint,1
dominic,1
ecuadoran,1
heritages,1
emperor,1
trebonianus,1
gallus,1
policy,1
similarity,1
ease,1
indigestion,1
intention,1
registering,1
blocking,1
minors,1
orchestral,1
works,1
dealing,1
thacker,1
manilla,1
woven,1
organoborane,1
ionic,1
covalent,1
australian,1
bar,1
association,1
persian,1
empire,1
painter,1
palm,1
manuscript,1
paulownia,1
flowers,1
precious,1
crown,1
newcomer,1
molecular,1
electromagnetic,1
press,1
nobel,1
prizewinning,1
les,1
accrochecoeurs,1
universal,1
rocket,1
module,1
drink,1
verylowmass,1
heat,1
rubber,1
coating,1
mrs,1
doubtfire,1
german,1
composer,1
théâtre,1
renaissance,1
person,1
main,1
venue,1
medical,1
student,1
oversee,1
simplest,1
shrine,1
primary,1
branch,1
oriente,1
programming,1
model,1
labor,1
expenses,1
artistic,1
projects,1
mimar,1
sinan,1
zealand,1
millennium,1
dome,1
changed,1
concerns,1
expressed,1
jackpot,1
limits,1
randomly,1
selected,1
temperature,1
luminosity,1
dry,1
rot,1
feathers,1
true,1
lies,1
unblock,1
request,1
provocative,1
intent,1
lowmass,1
transcript,1
mountain,1
chains,1
stripes,1
diagonally,1
traditional,0
aborigines,0
virgin,0
mary,0
ligands,0
sobre,0
fuego,0
carondelet,0
palace,0
half,0
way,0
town,0
quagmire,0
muskeg,0
lanthanides,0
actinides,0
semimetals,0
religious,0
usual,0
tristan,0
manco,0
wolf,0
pack,0
school,0
radio,0
sir,0
andrew,0
fielding,0
huxley,0
sports,0
coolest,0
notable,0
film,0
consists,0
twentieth,0
sag,0
awards,0
chemical,0
engaged,0
opening,0
primetime,0
television,0
simple,0
music,0
times,0
populated,0
complaints,1
operations,1
economist,1
fresh,1
dose,1
numbertwo,1
bbva,1
veils,1
slapped,1
lifted,1
risky,1
sparking,1
internationally,1
shiite,1
imam,1
unidentified,1
shoot,1
bbs,1
banco,1
classed,1
floor,1
yitzhak,1
levanon,1
sixpoint,1
gangs,1
extremists,1
enabling,1
losses,1
bluechip,1
moderated,1
awakened,0
ducked,0
inside,0
unprecedented,0
instilled,0
dispute,0
censorship,0
conceal,0
islam,0
northern,0
undermines,0
vivid,0
filibusterfree,1
repeal,1
infecting,1
nestmates,1
observation,1
nest,1
controllers,1
gay,1
newspaper,1
vlt,1
dense,1
fog,1
swedish,1
ikea,1
furniture,1
retailer,1
seriously,1
impoverished,1
push,1
principles,1
road,1
jihad,1
about,1
rude,1
mattias,0
johansson,0
common,0
couched,0
pij,0
west,0
hardik,0
patel,0
caste,0
datum,1
apis,1
mellifera,1
featheranchoring,1
pygostyle,1
auspicious,1
outstanding,1
modernstyle,1
rectrices,1
referred,1
zero,1
application,1
good,1
faith,1
azuki,1
beans,1
functioning,1
freemarket,1
literally,1
nonduality,1
paramarthika,1
satyam,1
altitude,0
regions,0
hungary,0
poland,0
hawk,0
moth,0
emergency,1
critically,1
ill,1
fierce,1
outgoing,1
ambassador,1
amateur,1
headtotoe,1
very,1
converting,1
gruesome,1
questioned,1
mousab,1
alhamadee,1
androidrunning,1
oems,1
regulators,1
established,1
relation,1
hunted,1
central,1
surround,1
similar,1
merely,1
firing,1
fatal,1
even,0
bigger,0
lenders,0
herself,0
continued,0
investigating,0
nationalized,0
bankia,0
slated,0
retire,0
alliance,1
guarding,1
drug,1
regrettable,1
operational,1
mistake,1
check,1
served,1
switch,1
peeled,1
escape,1
south,1
korean,1
kim,1
jongun,1
surprise,1
harrison,1
schmitt,1
riots,1
matter,1
seconds,1
largescale,1
evacuating,1
wounded,1
proportional,1
washed,1
ashore,1
franck,0
listed,0
transported,0
cortege,0
camila,0
nunes,0
brazilian,0
reals,0
avoid,0
harming,0
wing,0
known,0
flaperon,0
potassium,1
iodide,1
statistically,1
latecretaceous,1
period,1
remix,1
version,1
aqueous,1
vertical,1
distance,1
agathis,1
formerly,1
belonged,1
basis,1
populous,1
album,1
specifically,1
mentions,1
epsilon,1
indi,1
jurassic,1
bid,1
sauropod,1
literary,1
musical,1
events,1
written,1
composition,1
liberation,1
badenwürttemberg,1
hesse,1
rhenish,1
palatinate,1
western,1
heritage,1
gambling,0
sockpuppet,0
accessed,0
your,0
mull,1
portfolio,1
partnerships,1
fleshing,1
resilient,1
insurgency,1
confirmed,1
anticompetitive,1
threats,1
stronghold,1
significance,1
fed,1
rainyday,1
funds,1
odd,1
fit,1
diplomatically,1
austerity,1
amid,1
secrecy,1
postmortem,1
attacks,1
burnt,1
significantly,1
degrade,1
enormous,1
sacrifices,1
mortgage,1
payments,1
unalloyed,1
achievement,1
patented,1
technology,1
unfair,1
advantage,1
plummeting,1
child,1
getaway,1
draw,1
criticism,1
struggle,1
sanctuary,1
terrorists,1
misdemeanor,1
playing,1
healthiest,1
privately,1
unauthorized,1
family,1
residences,1
lone,1
male,1
flow,1
businesslike,1
affair,1
committed,1
invading,1
foul,1
weather,1
ratings,1
gunman,1
raise,1
sects,1
socalled,1
get,1
why,1
gatherings,1
skies,1
notified,1
evacuation,1
edge,1
pursuing,1
deficitcutting,1
sits,1
terror,1
generated,1
plethora,1
deepen,1
painted,1
grim,1
provisioning,1
needs,1
wind,1
unwinnable,1
review,1
closedcircuit,1
cameras,1
prostate,1
cancer,1
backers,1
allied,1
reign,1
confrontation,1
muslims,1
shelled,1
automatic,1
rifles,1
special,1
towards,1
seized,1
enter,1
plea,1
deadliest,1
suffered,1
vast,1
gas,1
deposits,1
dragged,1
spratlys,1
row,1
aircraft,1
strikes,1
syrialinked,1
trading,1
loss,1
effectively,1
afp,1
forcing,1
papers,1
highlighting,1
contest,1
antiisraeli,1
sentiment,1
army,1
concerned,1
acting,1
suspiciously,1
midnight,1
element,1
insert,1
hold,1
ezzor,1
defectors,1
received,1
word,1
kennedy,1
center,1
money,1
innovations,1
highly,1
integrated,1
fled,1
sliding,1
readied,1
keenly,1
aware,1
despite,1
impasse,1
partly,1
delayed,1
plug,1
moving,1
target,1
clean,1
makers,1
shifting,1
attention,1
intruding,1
air,1
field,1
purchasing,1
roadblocks,1
avert,1
fullscale,1
tragic,1
tightknit,1
village,1
leadership,1
huge,1
extremely,1
short,1
notice,1
unsubtle,1
backlash,1
resumption,1
libyan,1
repossessed,1
attendance,1
nature,1
vulnerable,1
movement,1
boat,1
restoring,1
shrinking,1
meant,1
signal,1
bagram,1
fight,1
dominance,1
outside,1
shield,1
restore,1
committees,1
comply,1
partnationalise,1
past,1
republicans,1
moammar,0
gadhafi,0
which,0
longterm,0
raises,0
osama,0
bin,0
laden,0
ensuing,0
question,0
fiveyear,0
loan,0
last,0
tossed,0
divisions,0
clearing,0
separated,0
thomas,0
call,0
clear,0
touch,0
ambitious,0
harassing,0
confrontations,0
cremated,0
professor,0
tools,0
disclose,0
details,0
doubts,0
sign,0
agreements,0
continental,0
shelf,0
resolved,0
rich,0
suburb,0
qaboun,0
jurisdictions,0
worldwide,0
versions,0
civilians,0
staterun,0
lauren,0
save,0
kimoon,0
contents,0
illegitimate,0
powers,0
collapse,0
solvent,0
succeed,0
entirety,0
militarized,0
cost,0
lives,0
lieutenant,0
goodyear,0
optimism,0
dumping,0
hundreds,0
documents,0
supplies,0
abandon,0
fanned,0
fears,0
joint,1
venture,1
peripheral,1
vision,1
boomeranglike,1
debrisdeflector,1
proceedings,1
forestry,1
policies,1
ministerial,1
resignations,1
sewed,1
lips,1
parasitism,1
virtual,1
radars,1
passed,1
away,1
suspected,1
waste,1
barbed,1
wire,1
overdue,1
quasistate,1
engineered,1
virus,1
comprehensive,1
wedged,1
underneath,1
circumstances,1
armoured,1
brigade,1
broadcast,1
unrest,1
detention,1
firm,1
corporate,1
auxiliary,1
bishop,1
hardball,1
tactics,1
stimulated,1
monaco,1
backed,1
gagging,1
acquiring,1
sponsorship,1
bloody,1
please,1
reportedly,1
allies,1
degrading,1
candidacy,1
consulting,1
inspired,1
comparisons,1
unnamed,1
source,1
lowpolling,1
approves,1
impeachment,1
lineaen,1
washington,1
recognition,1
wild,1
koh,1
tao,1
assumption,1
virginia,1
álvarez,1
liberal,1
plays,1
doug,1
boles,1
teammate,1
ryan,1
insect,1
maldive,1
officials,1
elderly,1
roll,1
hoop,1
fireball,1
judgement,1
legislative,1
leaders,1
pun,1
referencing,1
fourth,1
principal,1
consultation,1
parliament,1
rajnath,1
singh,1
average,1
polling,1
fox,1
need,1
friendliness,1
alexander,1
hamilton,1
oksana,1
shalygina,1
rainbow,1
attraction,1
prawit,1
wonguwan,1
muslim,1
prisons,1
assaf,1
harofe,1
budget,1
statistics,1
quite,1
strong,1
amazing,1
adaptations,1
agência,1
brasil,1
sindicato,1
squad,1
twitter,1
facebook,1
pages,1
term,1
choe,1
yonggon,1
estonia,1
latvia,1
lithuania,1
romania,1
bulgaria,1
particular,1
territory,1
extradition,1
mohamed,1
ibrahim,1
yonhap,1
material,1
industries,1
passively,1
munching,1
guantanamo,1
explicitly,1
stated,1
jobs,1
baa,1
undermine,1
adaptation,1
roman,1
catholic,1
mass,1
along,1
replace,1
constructing,1
struggling,1
breathe,1
negative,1
crimea,1
annexed,1
actions,1
vicinity,1
branding,1
traffickers,1
announcing,1
roxana,0
baldetti,0
crashes,0
prayut,0
chanocha,0
key,0
accomplishment,0
throttle,0
brake,0
starved,0
suffocated,0
stripped,0
naked,0
contain,0
indicate,0
impede,0
protesting,0
bryce,0
williams,0
indianapolis,0
motor,0
speedway,0
honey,0
bumblebees,0
president,0
barack,0
haveeru,0
hishamuddin,0
hussein,0
came,0
east,0
triggered,0
when,0
digger,0
mentioned,0
renderings,0
lawyers,0
dalial,0
freitak,0
borno,0
aimed,0
meghalaya,0
shanmuganathan,0
percent,0
combating,0
correctness,0
democratic,0
advance,0
deliberate,0
michel,0
temer,0
plated,0
petridishes,0
disciplinary,0
barracks,0
pag,0
biting,0
accusations,0
apollosoyuz,0
project,0
administrator,0
charles,0
bolden,0
job,0
quotas,0
ros,0
disrespected,0
aneroid,1
barometer,1
mercuric,1
chloride,1
membranous,1
structure,1
domino,1
tilings,1
noble,1
sockpuppetrybased,1
block,1
plesetsk,1
cosmodrome,1
artifacts,1
kali,1
yukam,1
ion,1
channels,1
encoding,1
scheme,1
shortlisting,1
phase,1
love,1
strand,1
summer,1
residence,1
carbon,1
sink,1
leather,1
tanning,1
giants,1
preferred,1
gilman,1
reagents,1
spiritual,1
structurally,1
irreparable,1
commentary,1
stellar,1
evolution,1
tropical,1
disease,1
romantic,1
opposite,1
sex,1
story,1
arc,1
lush,1
vadstena,1
abbey,1
montreal,1
canadiens,1
bespoke,1
training,1
dictation,1
essential,1
nutrient,1
tenancy,1
objects,1
havre,1
bounce,1
legendary,1
tentacled,1
sharper,1
keys,1
additional,1
venues,1
commercial,1
powered,1
ferrari,1
practically,1
invisible,1
pictorial,1
controversial,1
path,1
land,1
legislaton,1
pulitzer,1
prize,1
sounding,1
amusement,1
boys,1
orphanage,1
site,1
destroying,1
plundering,1
bosnia,1
herzegovina,1
aemilian,1
proxies,1
garmischpartenkirchen,1
bavaria,1
finals,1
danish,1
english,1
descent,1
alphabet,1
killer,1
cases,1
metalcarbon,1
guzmán,1
ˈalfons,1
ˈmuxa,1
distinct,1
alchemy,1
modern,1
oracle,1
corporation,1
painters,1
longserving,1
olympics,1
minnesota,1
fats,1
actress,1
sudden,1
unexpected,1
boulevard,1
saintmartin,1
narrative,1
nicolas,1
cantata,1
brands,1
hatch,1
mask,1
comedy,1
fossil,1
journal,1
crucial,1
borislav,1
stanković,1
miːˈmaːɾ,1
siˈnan,1
nikon,1
supergp,1
initially,1
proposed,1
italian,1
sagrario,1
qualify,1
councils,1
scripted,1
macaulay,1
culkin,1
hateful,1
minimal,1
edits,1
transcription,1
inner,1
meaning,1
mountainous,1
instar,1
walkoff,0
islanders,0
mozart,0
fiveepisode,0
amber,0
room,0
roof,0
nave,0
indefinitely,0
laws,0
editor,0
boron,0
silicon,0
selenium,0
aluminum,0
monument,0
robert,0
brooking,0
wide,0
senior,0
captain,0
consumers,0
toppaid,0
deuteriumburning,0
debated,0
whether,0
roles,0
career,0
nhl,0
medieval,0
movie,0
santiago,0
cuba,0
change,0
username,0
lacrosse,0
cleveland,0
barons,0
screen,0
actors,0
vine,0
name,0
population,0
dna,0
transcribed,0
molecule,0
tributaries,0
statebacked,1
flaretype,1
rescue,1
abducting,1
maintenance,1
bab,1
altebbaneh,1
reaction,1
points,1
bloodied,1
ruqayya,1
mosque,1
ministers,1
comment,1
publicly,1
voiced,1
airport,1
terrorist,1
organisation,1
plot,1
limited,1
arose,1
soothe,1
plank,1
transferred,0
ambulance,0
took,0
laundry,0
blames,0
lebanese,0
sunnis,0
refinance,0
much,0
prevailing,0
antimicrobial,1
properties,1
stab,1
decision,1
madness,1
failing,1
divert,1
toiled,1
requirement,1
militaristic,1
ended,1
countervailing,0
growing,0
estimated,0
backward,0
division,1
parallel,1
barbs,1
bore,1
filaments,1
absolute,1
scale,1
arts,1
birthday,1
honours,1
documented,1
head,1
groundbased,1
identity,1
self,1
perceptible,1
scorer,0
failed,0
antiregime,1
militias,1
spoilers,1
betteroptimized,1
assess,1
bailing,1
neighbor,1
envisions,1
wideranging,1
package,1
storm,1
titan,1
lawn,1
presumable,1
delivered,1
adviser,1
underwriter,1
delegations,1
bail,1
britainbased,1
stamp,1
bit,1
gunshots,1
convincing,0
pairing,0
midulster,0
merger,0
savings,0
witness,0
informed,0
grave,1
provocation,1
puppet,1
maniacs,1
might,1
forced,1
striker,1
maintain,1
upgrade,1
expand,1
purdue,1
lunar,1
landing,1
globo,1
ethics,1
faminehit,1
networking,1
website,1
detailing,0
ribéry,0
saturn,0
everson,0
fiberglass,0
honeycomb,0
sociologist,0
emergencies,0
scientific,0
instruments,0
washes,0
cerebral,1
sickness,1
record,1
producer,1
evergreen,1
body,1
investigations,1
leo,1
tolstoy,1
small,1
gravitationally,1
achieve,1
maturity,1
surviving,1
mega,1
trichloride,1
grouped,1
prussian,1
rhine,1
gaming,0
tables,0
musician,0
blackpool,0
setback,1
preferential,1
treatment,1
realestate,1
ceremony,1
unsanctioned,1
targeted,1
mobility,1
yield,1
mobile,1
writer,1
assault,1
nautical,1
miles,1
snipers,1
output,1
liberalize,1
dire,1
overlapping,1
looting,1
shops,1
applications,1
weapons,1
partisan,1
exchanges,1
waters,1
auditors,1
hearing,1
antiisrael,1
sentiments,1
machinegun,1
evaded,1
capture,1
dispelling,1
hostile,1
specially,1
arranged,1
shells,1
tense,1
lack,1
remanded,1
external,1
flagship,1
slipped,1
interviewed,1
tribunal,1
forth,1
postabc,1
terrible,1
fell,1
sergeant,1
yields,1
alongside,1
declined,1
steeply,1
desperate,1
deteriorated,1
aiming,1
mortars,1
unleashed,1
ambassadoe,1
cape,1
canaveral,1
excessive,1
casualties,1
attended,1
services,1
gutting,1
partner,1
assad,1
stressed,1
naval,1
gunboat,1
index,1
anew,1
host,1
strongholds,1
spilled,1
dfa,1
total,1
venturebeat,1
deep,1
sdlp,1
vocal,1
undermined,1
described,1
steps,1
rebuild,1
got,1
bombardment,1
watchdog,1
kofi,1
annan,1
subsequently,1
restricts,1
loyalist,1
compiled,1
date,1
finnegans,1
pub,1
private,1
guards,1
warweary,1
nation,1
acquired,1
intensify,1
approached,1
positioned,1
happened,1
tackle,1
clamoring,1
commerce,1
quarter,1
upon,1
arrival,1
manufacturers,1
burned,1
clams,1
rallied,1
increase,1
originally,1
within,1
reach,1
proassad,1
created,1
unsophisticated,1
regained,1
continue,1
preserve,1
upgraded,1
including,1
cocos,1
strict,1
silence,1
clashing,1
kargar,1
noorughli,1
risen,1
symbolism,1
shrink,1
revert,1
infringement,1
standard,1
poor,1
direct,1
discredits,1
daraa,0
idleb,0
panatag,0
overwhelming,0
imminently,0
fix,0
passerby,0
progress,0
important,0
audience,0
minutes,0
focus,0
wars,0
asserted,0
promised,0
brevard,0
county,0
breaking,0
strained,0
william,0
less,0
antrim,0
happening,0
everywhere,0
selling,0
puppets,0
separate,0
spratly,0
rescues,0
hospital,0
deny,0
accusation,0
britishbased,0
position,0
figures,0
antiputin,0
demonstrators,0
midst,0
tear,0
must,0
fear,0
arch,1
rivals,1
decomposing,1
corpses,1
solitary,1
confinement,1
intracranial,1
optical,1
fibers,1
torture,1
hastily,1
rules,1
jawed,1
vertebrates,1
motivation,1
complicated,1
abilities,1
suspects,1
reserved,1
spot,1
corruptly,1
convicts,1
sarthe,1
claiming,1
conflicting,1
runoff,1
modified,1
nonfatal,1
accident,1
threshold,1
violates,1
pedestrian,1
contributions,1
vermelho,1
kuala,1
lumpur,1
strains,1
allegedly,1
slamming,1
prosecutors,1
gripen,1
jets,1
primed,1
medicine,1
serbian,1
passing,1
motorist,1
stable,1
marino,1
filed,1
midohio,1
course,1
emotional,1
pope,1
paul,1
agus,1
supriatna,1
missing,1
protected,1
civilization,1
maidstone,1
magistrates,1
remaining,1
japanese,1
murdering,1
size,1
refugee,1
camp,1
wreckage,1
garbage,1
article,1
entire,1
generation,1
irs,1
percentage,1
immigration,1
falsely,1
dmitry,1
peskov,1
decline,1
plaza,1
equal,1
couples,1
blast,1
cooperation,1
powerful,1
inmates,1
mortal,1
danger,1
jawd,1
boulos,1
houses,1
trend,1
trending,1
underlying,1
abrams,1
tanks,1
quelled,1
wembley,1
pleasure,1
delivering,1
homepage,1
alliantgroup,1
attributed,1
roughly,1
preventing,1
granted,1
clemency,1
stalking,1
stimulation,1
abused,1
boubacar,1
keita,1
organized,1
josh,1
ernest,1
bold,1
different,1
fungal,1
enemies,1
bobby,1
willis,1
obamacare,1
wellconstructed,1
schengen,1
eugene,1
adamantly,1
opposes,1
gps,1
trackers,1
bild,1
twenty,1
laps,1
performance,0
motive,0
dilokrit,0
pattavee,0
stalk,0
old,0
covers,0
lane,0
denied,0
relates,0
vicki,0
gardner,0
racerelated,0
victory,0
spreading,0
eighteenth,0
diego,0
garcia,0
gained,0
almost,0
losing,0
hope,0
developed,0
two,0
how,0
defences,0
sadness,0
exported,0
recycling,0
retaliated,0
conspiring,0
meet,0
structured,0
debates,0
admitting,0
paperwork,0
donald,0
provinces,0
using,0
spectrophotometer,0
tweeted,0
hashtag,0
inflation,0
rotate,0
fort,0
leavenworth,0
kansas,0
trace,0
manning,0
she,0
views,0
formal,0
neil,0
armstrong,0
especially,0
brood,0
inclusion,0
chance,0
trump,0
motorists,0
breeches,1
buffer,1
altimeter,1
range,1
alchemical,1
diverse,1
resins,1
nearinfrared,1
spectrum,1
destination,1
canadian,1
chairman,1
launch,1
pad,1
accidental,1
generations,1
concert,1
alkaline,1
mires,1
chemistry,1
directors,1
porphyrin,1
municipal,1
inventory,1
morbidity,1
mortality,1
saturated,1
soil,1
recognizable,1
feature,1
youthful,1
cheerfulness,1
rosenkavalier,1
monuments,1
tracery,1
bristol,1
maple,1
leafs,1
opportunities,1
dharma,1
pinnacle,1
graffiti,1
value,1
frames,1
instrument,1
colossal,1
overt,1
crossdressing,1
numbers,1
ottoman,1
architect,1
colonial,1
years,1
series,1
epic,1
poem,1
variety,1
declarations,1
innocent,1
academy,1
book,1
illustrations,1
mudéjar,1
rafael,1
correa,1
goths,1
sanguinarium,1
reviewing,1
nicopolis,1
pompeii,1
sundance,1
reallife,1
programme,1
iron,1
administrators,1
conquer,1
tiedup,1
bidder,1
nonjapanese,1
recipients,1
laboratories,1
customer,1
estimates,1
pocari,1
sweat,1
absorption,1
von,1
henselt,1
theatre,1
dionysus,1
crabbe,1
appointed,1
oddest,1
studios,1
pliocene,1
reliable,1
memories,1
tournaments,1
china,1
monumental,1
buildings,1
detection,1
gliding,1
arnold,1
schwarzenegger,1
disruptive,1
nontemplate,1
sequences,1
newlyhatched,1
larva,1
blue,1
edging,1
lands,0
trust,0
god,0
spinoff,0
apartment,0
metals,0
cloister,0
organization,0
preparation,0
extracts,0
hartford,0
provides,0
methane,0
distinguish,0
usually,0
burlington,0
ontario,0
pianist,0
buffy,0
plantations,0
bureaucrat,0
wranglers,0
predated,0
format,0
substitution,0
uracil,0
thymine,0
places,0
letter,1
credence,1
consumer,1
efforts,1
nbc,1
refocussed,1
slid,1
seven,1
held,1
separately,1
authorized,1
jabal,1
mohsen,1
reasons,1
lay,1
spotted,0
sheikh,0
cinco,0
dias,0
negotiate,0
approaching,0
compromise,0
destabilize,0
ourselves,0
blueprint,1
smolensk,1
disaster,1
resin,1
collection,1
truce,1
yesterday,1
afternoon,1
permission,1
highways,1
england,1
depots,1
dissenting,1
cheating,1
anthony,0
paramilitary,0
depicted,1
sympathetically,1
circumvent,1
turīya,1
list,1
infrared,1
former,1
tutor,1
composed,1
paleoanthropology,1
thermodynamic,1
means,1
vandals,1
recognized,1
prototype,1
specimen,0
mainsequence,0
hurdles,1
umbrella,1
duking,1
pave,1
foothold,1
sealed,1
foreclosed,1
stance,1
strapped,1
javarelated,1
lingering,1
worry,1
latest,1
episode,1
homicides,1
met,1
plain,0
farmland,0
early,0
morning,0
port,0
weekend,0
ominous,0
planetary,1
flyby,1
absurd,1
pretext,1
classified,1
foolhardy,1
instinctive,1
inmate,1
rival,1
improve,1
priming,1
cells,1
memorabilia,1
harsh,1
punishment,1
ready,1
pilot,1
organizations,1
sounds,1
calm,1
shocking,1
unacceptable,1
bayern,0
munich,0
mostly,0
blackout,0
reduce,0
vulnerability,0
intends,0
bombing,1
arbitration,1
committee,1
malesian,1
physician,1
midwife,1
super,1
erdélyi,1
tamás,1
suburbs,1
albian,1
cenomanian,1
stages,1
preparing,1
adapting,1
koblenz,1
trier,1
rheinhessenpfalz,1
fuse,0
deuterium,0
araucariaceae,0
conifers,0
nassau,0
